1,Hoji,1
1,Inthayne,1
1,MSP 91,1
1,MSP 99,1
1,MSP 107,1
1,MSP CC,1
1,Raven,1
1,Renegade,1
1,Switch,1
1,Devastator,1
1,Black Pearl 88,2
1,Black Pearl 97,2
1,Bonafide 97,2
1,Brahma 88,2
1,Cochise 106,2
1,Rustler 10,2
1,Rustler 9,2
1,Rustler 11,2
1,Hustle 10 ,2
1,Hustle 11,2
1,Sheeva 9,2
1,Sheeva 10,2
1,Sheeva 11,2
1,Pagoda 117 Lotus,4
1,Foundation Koala 103,4
1,Foundation Koala 118,4
1,Pagoda 100 RP,4
1,Pagoda 90 RP,4
1,Pagoda 94 C2,4
1,Pagoda Tour 100 RP,4
1,Pagoda Tour 106 C2,4
1,Pagoda 106 C2,4
1,E-99,6
1,M-Free 108,6
1,M-Free 118,6
1,M-Free 99,6
1,M-Pro 108,6
1,M-Pro 99,6
1,Ripstick 94 W,7
1,Ripstick 102 W,7
1,Ripstick 106,7
1,Ripstick 116,7
1,Wingman 86 CTi,7
1,Ripstick Tour ,7
1,Ranger 102 ,8
1,Ranger 108,8
1,Ranger 90,8
1,Ranger 96,8
1,RC4 The Curv,8
1,Spar Turbo,10
1,Blister Pro 104,10
1,Cash 106 Carbon,10
1,Primary 104,10
1,Primary 110,10
1,Primary 95,10
1,TRN TEK,10
1,Spar 78,10
1,Spar 88,10
1,Trophy Carbon,10
1,Cash 106,10
1,Cash 117,10
1,Completo 100,10
1,Completo 105,10
1,Completo 113,10
1,Cash 93,10
1,Rapture ,10
1,Kore 103 W,12
1,Kore 105,12
1,Kore 111,12
1,Kore 117,12
1,Kore 85 W ,12
1,Kore 91 W,12
1,Kore 93,12
1,Kore 97 W,12
1,Kore 99,12
1,Supershape e-Titan ,12
1,Kore 87,12
1,Supershape e-Rally,12
1,Nomad 105,13
1,Nomad 115,13
1,Nomad 95,13
1,Maiden 91,13
1,Maiden 101,13
1,Maiden 111,13
1,Nia Pro 105,13
1,Saba Pro 107,13
1,Saba Pro 117,13
1,Pioneer 86,13
1,Pioneer 96,13
1,Pioneer 109,13
1,Disruption MTi W,14
1,Dispatch 101,14
1,Dispatch 110,14
1,Dispatch 120,14
1,Disruption 78C,14
1,Disruption 78Ti,14
1,Disruption 82Ti,14
1,Disruption MTi,14
1,Mindbender 106C W,14
1,Mindbender 108Ti,14
1,Mindbender 115C W,14
1,Mindbender 116C,14
1,Mindbender 89Ti,14
1,Mindbender 99Ti,14
1,Mindbender 99Ti W,14
1,Reckoner 102,14
1,Reckoner 112,14
1,Reckoner 122,14
1,Sight,14
1,Chronic,15
1,Pandora 84,15
1,Blade,15
1,Blade Optic 104,15
1,Blade Optic 114,15
1,Blade Optic 92,15
1,Blade Optic 96,15
1,Outline,15
1,Pandora 104,15
1,Pandora 110,15
1,Pescado,15
1,Sakana,15
1,Sir Francis Bacon,15
1,Tom Wallisch Pro,15
1,Vision 108,15
1,Vision 118,15
1,Vision 98,15
1,Havoc Ti,16
1,Dirty Bear XL,16
1,Havoc Carbon,16
1,Superwolf,16
1,Vadera Ti,16
1,Vanguard,16
1,Superpatrol,16
1,Vadera Carbon,16
1,Chipotle Banana,18
1,Commander 108,18
1,Commander 98,18
1,Deathwish 104,18
1,Deathwish 112,18
1,Deathwish Tour,18
1,Sierra,18
1,Wildcat,18
1,Wildcat 108,18
1,Wildcat Tour,18
1,Sierra Tour,18
1,Wildcat Tour 108,18
1,Atlas 80,22
1,Citadel 106,22
1,Earhart 88,22
1,Endurance 88,22
1,Endurance 98,22
1,BLACKOPS 118,23
1,BLACKOPS 98,23
1,Rallybird 102,23
1,Rallybird 104 Ti,23
1,Sender 104 Ti,23
1,Sender 106 Ti+,23
1,Sender Squad,23
1,QST Stella 106,24
1,Stance 94 W,24
1,QST 106 ,24
1,QST 98,24
1,QST Blank,24
1,Stance 102,24
1,Stance 88 W,24
1,Stance 90,24
1,Stance 96,24
1,Superguide 95,25
1,Superguide Freetour,25
1,Summit 105,27
1,Summit 106,27
1,Summit 106 w's,27
1,Summit 109,27
1,Summit 97,27
1,Summit 107,27
1,Intention 108,28
1,Reason 120,28
1,Vital 100,28